{
  "Recall@10": 0.9808306709265175,
  "MRR@10": 0.8161341853035143,
  "NDCG@10": 0.8574762656674105
}
